"ID","Name","RA","DEC","Type","Redshift","Host Name","Host Redshift","Discovering Group/s","Classifying Group/s","Associated Group/s","Disc. Internal Name","Disc. Instrument/s","Class. Instrument/s","TNS AT","Public","End Prop. Period","Discovery Mag","Discovery Mag Filter","Discovery Date (UT)","Sender","Ext. catalog/s"
"584"," 1983C","00:00:00.00","+00:00:00.00","","","Anon.           ","","","","","","","","0","1","","19","","1983-01-12 00:00:00","",""
"583"," 1983B","00:00:00.00","+00:00:00.00","","","Anon.           ","","","","","","","","0","1","","17","","1983-02-04 00:00:00","",""
"580"," 1983A","12:52:37.69","-39:01:58.01","","","ESO 323-G25     ","","","","","","","","0","1","","17.5","","1983-01-13 00:00:00","",""
"554"," 1982aa","16:05:12.79","+20:32:38.29","","","NGC 6052        ","","","","","","","","0","1","","0","","0000-00-00 00:00:00","",""
"579"," 1982Z","07:35:38.07","-47:16:47.50","","","Anon.           ","","","","","","","","0","1","","19","","1982-02-12 00:00:00","",""
"578"," 1982Y","00:00:00.00","+00:00:00.00","","","UGC 5449        ","","","","","","","","0","1","","17","","0000-00-00 00:00:00","",""
"577"," 1982X","00:00:00.00","+00:00:00.00","","","UGC 4778        ","","","","","","","","0","1","","16.5","","0000-00-00 00:00:00","",""
"576","SN 1982W","14:07:09.05","+55:01:07.79","SN I","","NGC 5485        ","","","","","","","","0","1","","15","","1982-12-14 00:00:00","",""
"575"," 1982V","02:40:18.89","+32:15:59.51","","","UGC 2156        ","","","","","","","","0","1","","15.2","","1982-11-22 00:00:00","",""
"574"," 1982U","00:00:00.00","+00:00:00.00","","","ESO 308-G16     ","","","","","","","","0","1","","16","","1982-11-11 00:00:00","",""
"573"," 1982T","00:00:00.00","+00:00:00.00","","","Anon.           ","","","","","","","","0","1","","17","","1982-10-19 00:00:00","",""
"572"," 1982S","00:00:00.00","+00:00:00.00","","","Anon.           ","","","","","","","","0","1","","18.5","","1982-10-19 00:00:00","",""
"571","SN 1982R","03:02:39.51","-22:51:01.40","SN I","","NGC 1187        ","","","","","","","","0","1","","14.4","","1982-10-24 00:00:00","",""
"570"," 1982Q","00:00:00.00","+00:00:00.00","","","Anon.           ","","","","","","","","0","1","","19","","1982-09-17 00:00:00","",""
"569"," 1982P","00:00:00.00","+00:00:00.00","","","Anon.           ","","","","","","","","0","1","","18","","1982-08-18 00:00:00","",""
"568"," 1982O","00:00:00.00","+00:00:00.00","","","NGC 521         ","","","","","","","","0","1","","15","","1982-08-19 00:00:00","",""
"567"," 1982N","00:00:00.00","+00:00:00.00","","","Anon.           ","","","","","","","","0","1","","17","","1982-08-18 00:00:00","",""
"566"," 1982M","00:00:00.00","+00:00:00.00","","","Anon.           ","","","","","","","","0","1","","19.5","","1982-07-21 00:00:00","",""
"565","SN 1982L","00:00:00.00","+00:00:00.00","SN II","","NGC 7713        ","","","","","","","","0","1","","16","","1982-07-21 00:00:00","",""
"564"," 1982K","00:00:00.00","+00:00:00.00","","","Anon.           ","","","","","","","","0","1","","18.5","","0000-00-00 00:00:00","",""
"563"," 1982J","00:00:00.00","+00:00:00.00","","","Anon.           ","","","","","","","","0","1","","16.5","","1982-06-22 00:00:00","",""
"562"," 1982I","00:00:00.00","+00:00:00.00","","","Anon.           ","","","","","","","","0","1","","18.5","","1982-06-21 00:00:00","",""
"561"," 1982H","00:00:00.00","+00:00:00.00","","","Anon.           ","","","","","","","","0","1","","18","","1982-05-30 00:00:00","",""
"560"," 1982G","00:00:00.00","+00:00:00.00","","","Anon.           ","","","","","","","","0","1","","18","","1982-04-16 00:00:00","",""
"559"," 1982F","00:00:00.00","+00:00:00.00","","","NGC 4490        ","","","","","","","","0","1","","16","","1982-03-29 00:00:00","",""
"558"," 1982E","00:00:00.00","+00:00:00.00","","","NGC 1332        ","","","","","","","","0","1","","14","","1982-03-29 00:00:00","",""
"557"," 1982D","00:00:00.00","+00:00:00.00","","","NGC 5679        ","","","","","","","","0","1","","18","","1982-03-23 00:00:00","",""
"556"," 1982C","00:00:00.00","+00:00:00.00","","","NGC 4185        ","","","","","","","","0","1","","17.5","","1982-03-22 00:00:00","",""
"555","SN 1982B","00:00:00.00","+00:00:00.00","SN Ia","","NGC 2268        ","","","","","","","","0","1","","14","","1982-02-12 00:00:00","",""
"553"," 1982A","00:00:00.00","+00:00:00.00","","","Anon.           ","","","","","","","","0","1","","16.5","","1982-01-19 00:00:00","",""
"552","SN 1981K","12:18:59.46","+47:19:31.12","SN II","","NGC 4258        ","","","","","","","","0","1","","17","","1981-11-03 00:00:00","",""
"551"," 1981J","00:00:00.00","+00:00:00.00","","","UGC 8975        ","","","","","","","","0","1","","15","","1981-03-11 00:00:00","",""
"550"," 1981I","00:00:00.00","+00:00:00.00","","","Anon.           ","","","","","","","","0","1","","15","","1981-08-10 00:00:00","",""
"549"," 1981H","00:00:00.00","+00:00:00.00","","","Anon.           ","","","","","","","","0","1","","18.5","","1981-06-04 00:00:00","",""
"548","SN 1981G","00:00:00.00","+00:00:00.00","SN I","","NGC 4874        ","","","","","","","","0","1","","15","","1981-06-02 00:00:00","",""
"547"," 1981F","00:00:00.00","+00:00:00.00","","","NGC 4716        ","","","","","","","","0","1","","15","","1981-05-30 00:00:00","",""
"546","SN 1981E","00:00:00.00","+00:00:00.00","SN I","","NGC 5597        ","","","","","","","","0","1","","17","","1981-05-29 00:00:00","",""
"545"," 1981D","00:00:00.00","+00:00:00.00","","","NGC 1316        ","","","","","","","","0","1","","12.7","","1981-03-01 00:00:00","",""
"544"," 1981C","00:00:00.00","+00:00:00.00","","","NGC 5090        ","","","","","","","","0","1","","14.5","","1981-03-02 00:00:00","",""
"543","SN 1981B","00:00:00.00","+00:00:00.00","SN Ia","","NGC 4536        ","","","","","","","","0","1","","12.3","","1981-03-02 00:00:00","",""
"542"," 1981A","00:00:00.00","+00:00:00.00","","","NGC 1532        ","","","","","","","","0","1","","13.5","","1981-02-24 00:00:00","",""
"541"," 1980Q","15:01:21.38","+01:45:35.60","","","Anon.           ","","","","","","","","0","1","","19","","1980-03-20 00:00:00","",""
"540"," 1980P","00:00:00.00","+00:00:00.00","","","NGC 5854        ","","","","","","","","0","1","","15","","1980-03-20 00:00:00","",""
"539"," 1980O","00:00:00.00","+00:00:00.00","","","NGC 1255        ","","","","","","","","0","1","","13","","1980-10-30 00:00:00","",""
"538","SN 1980N","00:00:00.00","+00:00:00.00","SN Ia","","NGC 1316        ","","","","","","","","0","1","","12.5","","1980-12-07 00:00:00","",""
"537"," 1980M","00:00:00.00","+00:00:00.00","","","Anon.           ","","","","","","","","0","1","","17","","1980-11-30 00:00:00","",""
"536"," 1980L","00:00:00.00","+00:00:00.00","","","NGC 7448        ","","","","","","","","0","1","","13.5","","1980-10-08 00:00:00","",""
"535","SN 1980K","20:35:30.07","+60:06:23.80","SN IIL","","NGC 6946        ","","","","","","","","0","1","","11.4","","1980-10-28 00:00:00","",""
"534"," 1980J","00:00:00.00","+00:00:00.00","","","Anon.           ","","","","","","","","0","1","","16.5","","1980-05-23 00:00:00","",""
"533"," 1980I","00:00:00.00","+00:00:00.00","","","NGC 4374        ","","","","","","","","0","1","","14","","1980-06-13 00:00:00","",""
"532"," 1980H","00:00:00.00","+00:00:00.00","","","Anon.           ","","","","","","","","0","1","","19.5","","1980-06-13 00:00:00","",""
"531"," 1980G","00:00:00.00","+00:00:00.00","","","Anon.           ","","","","","","","","0","1","","18","","1980-06-13 00:00:00","",""
"530"," 1980F","00:00:00.00","+00:00:00.00","","","Anon.           ","","","","","","","","0","1","","17","","1980-05-18 00:00:00","",""
"529"," 1980E","00:00:00.00","+00:00:00.00","","","Anon.           ","","","","","","","","0","1","","16","","1980-04-18 00:00:00","",""
"528"," 1980D","00:00:00.00","+00:00:00.00","","","NGC 3733        ","","","","","","","","0","1","","15.5","","1980-03-17 00:00:00","",""
"527"," 1980C","00:00:00.00","+00:00:00.00","","","Anon.           ","","","","","","","","0","1","","17.5","","1980-02-22 00:00:00","",""
"526"," 1980B","00:00:00.00","+00:00:00.00","","","Anon.           ","","","","","","","","0","1","","16","","1980-02-22 00:00:00","",""
"525"," 1980A","00:00:00.00","+00:00:00.00","","","UGC 7395        ","","","","","","","","0","1","","15.5","","1980-02-22 00:00:00","",""
"524"," 1979G","02:58:18.37","-04:49:10.31","","","MCG -01-8-23    ","","","","","","","","0","1","","16.5","","1979-12-17 00:00:00","",""
"523"," 1979F","00:00:00.00","+00:00:00.00","","","Anon.           ","","","","","","","","0","1","","18","","1979-08-19 00:00:00","",""
"522"," 1979E","00:00:00.00","+00:00:00.00","","","NGC 4902        ","","","","","","","","0","1","","16","","1979-08-19 00:00:00","",""
"521"," 1979D","00:00:00.00","+00:00:00.00","","","Anon.           ","","","","","","","","0","1","","18.5","","1979-08-19 00:00:00","",""
"520","SN 1979C","12:22:58.63","+15:47:51.68","SN IIL","","NGC 4321        ","","","","","","","","0","1","","12.1","","1979-04-19 00:00:00","",""
"519"," 1979B","00:00:00.00","+00:00:00.00","","","NGC 3913        ","","","","","","","","0","1","","13.5","","1979-02-28 00:00:00","",""
"518"," 1979A","00:00:00.00","+00:00:00.00","","","NGC 4647        ","","","","","","","","0","1","","15","","1979-01-25 00:00:00","",""
"517"," 1978L","20:46:34.31","-53:19:10.31","","","Anon.           ","","","","","","","","0","1","","18","","1978-08-25 00:00:00","",""
"516"," 1978K","03:17:39.00","-66:33:04.00","","","NGC 1313        ","","","","","","","","0","1","","16","","1978-07-31 00:00:00","",""
"515"," 1978J","22:26:13.02","-67:10:23.30","","","Anon.           ","","","","","","","","0","1","","17.5","","1978-07-30 00:00:00","",""
"514"," 1978I","00:00:00.00","+00:00:00.00","","","MCG -05-3-26    ","","","","","","","","0","1","","21.4","","1978-07-25 00:00:00","",""
"513"," 1978H","11:39:23.67","+56:16:00.91","","","NGC 3780        ","","","","","","","","0","1","","16.5","","1978-11-07 00:00:00","",""
"512","SN 1978G","00:00:00.00","+00:00:00.00","SN II","","IC 5201         ","","","","","","","","0","1","","12.9","","1978-11-24 00:00:00","",""
"511"," 1978F","00:00:00.00","+00:00:00.00","","","Anon.           ","","","","","","","","0","1","","18","","1978-11-02 00:00:00","",""
"510"," 1978E","00:00:00.00","+00:00:00.00","","","Anon.           ","","","","","","","","0","1","","15.2","","1978-10-27 00:00:00","",""
"509"," 1978D","00:00:00.00","+00:00:00.00","","","Anon.           ","","","","","","","","0","1","","20","","1978-09-23 00:00:00","",""
"508"," 1978C","00:00:00.00","+00:00:00.00","","","Anon.           ","","","","","","","","0","1","","18.5","","1978-08-14 00:00:00","",""
"507"," 1978B","00:00:00.00","+00:00:00.00","","","UGC 6335        ","","","","","","","","0","1","","14","","1978-07-03 00:00:00","",""
"506"," 1978A","00:00:00.00","+00:00:00.00","","","Anon.           ","","","","","","","","0","1","","17","","1978-05-08 00:00:00","",""
"505"," 1977I","01:08:06.39","-27:38:03.91","","","Anon.           ","","","","","","","","0","1","","18","","1977-08-18 00:00:00","",""
"504"," 1977H","00:00:00.00","+00:00:00.00","","","UGC 11031       ","","","","","","","","0","1","","19","","0000-00-00 00:00:00","",""
"503"," 1977G","00:00:00.00","+00:00:00.00","","","NGC 7704        ","","","","","","","","0","1","","15.5","","0000-00-00 00:00:00","",""
"502"," 1977F","00:00:00.00","+00:00:00.00","","","UGC 5912        ","","","","","","","","0","1","","15.8","","1977-01-15 00:00:00","",""
"501"," 1977E","00:00:00.00","+00:00:00.00","","","Anon.           ","","","","","","","","0","1","","15","","1977-12-18 00:00:00","",""
"500"," 1977D","00:00:00.00","+00:00:00.00","","","UGC 1558        ","","","","","","","","0","1","","16.5","","1977-10-11 00:00:00","",""
"499"," 1977C","00:00:00.00","+00:00:00.00","","","Anon.           ","","","","","","","","0","1","","16","","1977-10-15 00:00:00","",""
"498"," 1977B","00:00:00.00","+00:00:00.00","","","NGC 5406        ","","","","","","","","0","1","","14","","1977-03-18 00:00:00","",""
"497"," 1977A","00:00:00.00","+00:00:00.00","","","NGC 4340        ","","","","","","","","0","1","","16.2","","1977-01-27 00:00:00","",""
"496"," 1976Q","21:20:55.00","-67:13:24.20","","","Anon.           ","","","","","","","","0","1","","18.5","","1976-11-14 00:00:00","",""
"495"," 1976P","08:08:01.91","-65:46:04.91","","","Anon.           ","","","","","","","","0","1","","20","","1976-04-02 00:00:00","",""
"494"," 1976O","20:23:24.87","-50:32:29.51","","","ESO 234-G16     ","","","","","","","","0","1","","16","","1976-08-19 00:00:00","",""
"493"," 1976N","00:00:00.00","+00:00:00.00","","","Anon.           ","","","","","","","","0","1","","15","","0000-00-00 00:00:00","",""
"492"," 1976M","00:00:00.00","+00:00:00.00","","","Anon.           ","","","","","","","","0","1","","17","","0000-00-00 00:00:00","",""
"491"," 1976L","03:39:41.36","-44:00:38.02","","","NGC 1411        ","","","","","","","","0","1","","17","","1976-10-28 00:00:00","",""
"490"," 1976K","00:00:00.00","+00:00:00.00","","","NGC 3226        ","","","","","","","","0","1","","17","","1976-12-21 00:00:00","",""
"489"," 1976J","00:00:00.00","+00:00:00.00","","","NGC 977         ","","","","","","","","0","1","","15.1","","1976-12-15 00:00:00","",""
"488"," 1976I","00:00:00.00","+00:00:00.00","","","Anon.           ","","","","","","","","0","1","","17.5","","1976-10-24 00:00:00","",""
"487"," 1976H","00:00:00.00","+00:00:00.00","","","IC 1801         ","","","","","","","","0","1","","15","","1976-10-24 00:00:00","",""
"486"," 1976G","00:00:00.00","+00:00:00.00","","","NGC 488         ","","","","","","","","0","1","","15","","1976-10-21 00:00:00","",""
"485"," 1976F","00:00:00.00","+00:00:00.00","","","Anon.           ","","","","","","","","0","1","","16.5","","1976-09-24 00:00:00","",""
"484"," 1976E","00:00:00.00","+00:00:00.00","","","NGC 7177        ","","","","","","","","0","1","","16.5","","1976-09-23 00:00:00","",""
"483"," 1976D","00:00:00.00","+00:00:00.00","","","NGC 5427        ","","","","","","","","0","1","","14.5","","1976-08-24 00:00:00","",""
"482"," 1976C","00:00:00.00","+00:00:00.00","","","IC 1231         ","","","","","","","","0","1","","14.5","","1976-06-01 00:00:00","",""
"481"," 1976B","00:00:00.00","+00:00:00.00","","","NGC 4402        ","","","","","","","","0","1","","14.7","","1976-03-28 00:00:00","",""
"480"," 1976A","00:00:00.00","+00:00:00.00","","","NGC 5004        ","","","","","","","","0","1","","16.5","","1976-02-28 00:00:00","",""
"479"," 1975V","20:18:13.27","-69:03:38.99","","","Anon.           ","","","","","","","","0","1","","19","","1975-08-29 00:00:00","",""
"478"," 1975U","00:29:13.18","-60:04:29.32","","","Anon.           ","","","","","","","","0","1","","18","","1975-09-10 00:00:00","",""
"477"," 1975T","00:00:00.00","+00:00:00.00","","","NGC 3756        ","","","","","","","","0","1","","15.7","","1975-12-28 00:00:00","",""
"476"," 1975S","00:00:00.00","+00:00:00.00","","","NGC 1325        ","","","","","","","","0","1","","14.6","","1975-12-30 00:00:00","",""
"475"," 1975R","00:00:00.00","+00:00:00.00","","","Anon.           ","","","","","","","","0","1","","15","","1975-12-07 00:00:00","",""
"474"," 1975Q","00:00:00.00","+00:00:00.00","","","Anon.           ","","","","","","","","0","1","","15.5","","1975-11-09 00:00:00","",""
"473"," 1975P","00:00:00.00","+00:00:00.00","","","NGC 3583        ","","","","","","","","0","1","","15","","1975-12-01 00:00:00","",""
"472"," 1975O","00:00:00.00","+00:00:00.00","","","NGC 2487        ","","","","","","","","0","1","","15.2","","1975-11-30 00:00:00","",""
"471","SN 1975N","00:00:00.00","+00:00:00.00","SN I","","NGC 7723        ","","","","","","","","0","1","","13.8","","1975-10-24 00:00:00","",""
"470"," 1975M","00:00:00.00","+00:00:00.00","","","Anon.           ","","","","","","","","0","1","","18.2","","1975-09-09 00:00:00","",""
"469"," 1975L","00:00:00.00","+00:00:00.00","","","Anon.           ","","","","","","","","0","1","","18","","1975-08-08 00:00:00","",""
"468"," 1975K","00:00:00.00","+00:00:00.00","","","NGC 6195        ","","","","","","","","0","1","","17.8","","1975-08-09 00:00:00","",""
"467"," 1975J","00:00:00.00","+00:00:00.00","","","Anon.           ","","","","","","","","0","1","","15.5","","1975-08-11 00:00:00","",""
"466"," 1975I","00:00:00.00","+00:00:00.00","","","Anon.           ","","","","","","","","0","1","","18","","1975-06-10 00:00:00","",""
"465"," 1975H","00:00:00.00","+00:00:00.00","","","Anon.           ","","","","","","","","0","1","","18.5","","1975-07-12 00:00:00","",""
"464"," 1975G","00:00:00.00","+00:00:00.00","","","Anon.           ","","","","","","","","0","1","","14.8","","1975-06-11 00:00:00","",""
"463"," 1975F","00:00:00.00","+00:00:00.00","","","NGC 2935        ","","","","","","","","0","1","","15","","1975-05-14 00:00:00","",""
"462"," 1975E","00:00:00.00","+00:00:00.00","","","NGC 4102        ","","","","","","","","0","1","","16.7","","1975-05-07 00:00:00","",""
"461"," 1975D","00:00:00.00","+00:00:00.00","","","UGC 5793        ","","","","","","","","0","1","","17","","1975-03-15 00:00:00","",""
"460"," 1975C","00:00:00.00","+00:00:00.00","","","NGC 4246        ","","","","","","","","0","1","","18","","1975-03-15 00:00:00","",""
"459"," 1975B","00:00:00.00","+00:00:00.00","","","Anon.           ","","","","","","","","0","1","","15.5","","1975-04-01 00:00:00","",""
"458"," 1975A","00:00:00.00","+00:00:00.00","","","NGC 2207        ","","","","","","","","0","1","","14.6","","1975-01-15 00:00:00","",""
"457"," 1974L","00:00:00.00","+00:00:00.00","","","Anon.           ","","","","","","","","0","1","","0","","0000-00-00 00:00:00","",""
"456"," 1974K","00:00:00.00","+00:00:00.00","","","Anon.           ","","","","","","","","0","1","","17.5","","1974-11-18 00:00:00","",""
"455","SN 1974J","00:00:00.00","+00:00:00.00","SN I","","NGC 7343        ","","","","","","","","0","1","","15.5","","1974-10-09 00:00:00","",""
"454"," 1974I","00:00:00.00","+00:00:00.00","","","Anon.           ","","","","","","","","0","1","","18","","1974-07-15 00:00:00","",""
"453"," 1974H","00:00:00.00","+00:00:00.00","","","Anon.           ","","","","","","","","0","1","","17.5","","1974-07-23 00:00:00","",""
"452","SN 1974G","00:00:00.00","+00:00:00.00","SN I","","NGC 4414        ","","","","","","","","0","1","","13","","1974-04-20 00:00:00","",""
"451"," 1974F","00:00:00.00","+00:00:00.00","","","Anon.           ","","","","","","","","0","1","","18","","1974-03-28 00:00:00","",""
"450"," 1974E","00:00:00.00","+00:00:00.00","","","NGC 4038        ","","","","","","","","0","1","","14","","1974-03-21 00:00:00","",""
"449"," 1974D","00:00:00.00","+00:00:00.00","","","NGC 3916        ","","","","","","","","0","1","","15.5","","1974-03-20 00:00:00","",""
"448"," 1974C","00:00:00.00","+00:00:00.00","","","NGC 3310        ","","","","","","","","0","1","","16.5","","1974-02-26 00:00:00","",""
"447"," 1974B","00:00:00.00","+00:00:00.00","","","NGC 5161        ","","","","","","","","0","1","","14.5","","1974-01-28 00:00:00","",""
"446"," 1974A","00:00:00.00","+00:00:00.00","","","NGC 4156        ","","","","","","","","0","1","","20","","1974-01-28 00:00:00","",""
"445"," 1973V","00:00:00.00","+00:00:00.00","","","Anon.           ","","","","","","","","0","1","","17","","1973-12-24 00:00:00","",""
"444"," 1973U","00:00:00.00","+00:00:00.00","","","IC 43           ","","","","","","","","0","1","","16.5","","1973-12-24 00:00:00","",""
"443"," 1973T","00:00:00.00","+00:00:00.00","","","Anon.           ","","","","","","","","0","1","","18","","1973-12-24 00:00:00","",""
"442"," 1973S","00:00:00.00","+00:00:00.00","","","Anon.           ","","","","","","","","0","1","","18.5","","1973-12-21 00:00:00","",""
"441","SN 1973R","00:00:00.00","+00:00:00.00","SN II","","NGC 3627        ","","","","","","","","0","1","","14.5","","1973-12-19 00:00:00","",""
"440"," 1973Q","00:00:00.00","+00:00:00.00","","","Anon.           ","","","","","","","","0","1","","18.5","","1973-10-01 00:00:00","",""
"439"," 1973P","00:00:00.00","+00:00:00.00","","","UGC 1993        ","","","","","","","","0","1","","18","","1973-09-02 00:00:00","",""
"438"," 1973O","00:00:00.00","+00:00:00.00","","","NGC 7337        ","","","","","","","","0","1","","19","","1973-09-04 00:00:00","",""
"437","SN 1973N","00:00:00.00","+00:00:00.00","SN I","","NGC 7495        ","","","","","","","","0","1","","15.5","","1973-09-02 00:00:00","",""
"436"," 1973M","00:00:00.00","+00:00:00.00","","","NGC 7609        ","","","","","","","","0","1","","19","","1973-06-08 00:00:00","",""
"435"," 1973L","00:00:00.00","+00:00:00.00","","","Anon.           ","","","","","","","","0","1","","18.5","","1973-06-08 00:00:00","",""
"434"," 1973K","00:00:00.00","+00:00:00.00","","","Anon.           ","","","","","","","","0","1","","19.1","","1973-04-26 00:00:00","",""
"433"," 1973J","00:00:00.00","+00:00:00.00","","","NGC 4939        ","","","","","","","","0","1","","16","","1973-05-21 00:00:00","",""
"432"," 1973I","00:00:00.00","+00:00:00.00","","","Anon.           ","","","","","","","","0","1","","20.5","","1973-04-06 00:00:00","",""
"431"," 1973H","00:00:00.00","+00:00:00.00","","","Anon.           ","","","","","","","","0","1","","18.5","","1973-04-06 00:00:00","",""
"430"," 1973G","00:00:00.00","+00:00:00.00","","","Anon.           ","","","","","","","","0","1","","0","","0000-00-00 00:00:00","",""
"429"," 1973F","13:03:52.00","+28:11:11.80","","","NGC 4944        ","","","","","","","","0","1","","16.2","","1973-03-31 00:00:00","",""
"428"," 1973E","00:00:00.00","+00:00:00.00","","","Anon.           ","","","","","","","","0","1","","16.2","","1973-04-06 00:00:00","",""
"427"," 1973D","00:00:00.00","+00:00:00.00","","","NGC 3570        ","","","","","","","","0","1","","17","","1973-01-30 00:00:00","",""
"426"," 1973C","00:00:00.00","+00:00:00.00","","","NGC 3656        ","","","","","","","","0","1","","17","","1973-01-11 00:00:00","",""
"425"," 1973B","00:00:00.00","+00:00:00.00","","","Anon.           ","","","","","","","","0","1","","15","","1973-01-12 00:00:00","",""
"424"," 1973A","00:00:00.00","+00:00:00.00","","","NGC 3574        ","","","","","","","","0","1","","18","","1973-01-11 00:00:00","",""
"423"," 1972T","00:00:00.00","+00:00:00.00","","","                ","","","","","","","","0","1","","14","","0000-00-00 00:00:00","",""
"422"," 1972S","00:00:00.00","+00:00:00.00","","","Anon.           ","","","","","","","","0","1","","16.3","","1972-04-06 00:00:00","",""
"421"," 1972R","00:00:00.00","+00:00:00.00","","","NGC 2841        ","","","","","","","","0","1","","16","","1972-12-05 00:00:00","",""
"420"," 1972Q","00:00:00.00","+00:00:00.00","","","NGC 4254        ","","","","","","","","0","1","","15.8","","1972-12-14 00:00:00","",""
"419"," 1972P","00:00:00.00","+00:00:00.00","","","Anon.           ","","","","","","","","0","1","","18","","1972-10-08 00:00:00","",""
"418"," 1972O","00:00:00.00","+00:00:00.00","","","Anon.           ","","","","","","","","0","1","","18.5","","1972-10-08 00:00:00","",""
"417"," 1972N","00:00:00.00","+00:00:00.00","","","UGC 279         ","","","","","","","","0","1","","17","","1972-10-08 00:00:00","",""
"416"," 1972M","00:00:00.00","+00:00:00.00","","","NGC 7564        ","","","","","","","","0","1","","18","","1972-10-08 00:00:00","",""
"415"," 1972L","00:00:00.00","+00:00:00.00","","","NGC 735         ","","","","","","","","0","1","","15","","1972-09-03 00:00:00","",""
"414"," 1972K","00:00:00.00","+00:00:00.00","","","Anon.           ","","","","","","","","0","1","","16","","1972-09-01 00:00:00","",""
"413","SN 1972J","00:00:00.00","+00:00:00.00","SN I","","NGC 7634        ","","","","","","","","0","1","","14.3","","1972-08-13 00:00:00","",""
"412"," 1972I","00:00:00.00","+00:00:00.00","","","Anon.           ","","","","","","","","0","1","","17.5","","1972-07-14 00:00:00","",""
"411"," 1972H","00:00:00.00","+00:00:00.00","","","NGC 3147        ","","","","","","","","0","1","","14.9","","1972-08-08 00:00:00","",""
"410"," 1972G","00:00:00.00","+00:00:00.00","","","Anon.           ","","","","","","","","0","1","","18","","1972-05-18 00:00:00","",""
"409"," 1972F","00:00:00.00","+00:00:00.00","","","Anon.           ","","","","","","","","0","1","","16","","1972-05-18 00:00:00","",""
"408","SN 1972E","00:00:00.00","+00:00:00.00","SN I","","NGC 5253        ","","","","","","","","0","1","","8.5","","1972-05-06 00:00:00","",""
"407"," 1972D","00:00:00.00","+00:00:00.00","","","Anon.           ","","","","","","","","0","1","","18.5","","1972-03-14 00:00:00","",""
"406"," 1972C","00:00:00.00","+00:00:00.00","","","NGC 3947        ","","","","","","","","0","1","","16","","1972-01-18 00:00:00","",""
"405"," 1972B","00:00:00.00","+00:00:00.00","","","Anon.           ","","","","","","","","0","1","","18.5","","1972-01-18 00:00:00","",""
"404"," 1972A","00:00:00.00","+00:00:00.00","","","Anon.           ","","","","","","","","0","1","","17","","1972-01-20 00:00:00","",""
"403"," 1971V","00:00:00.00","+00:00:00.00","","","Anon.           ","","","","","","","","0","1","","17","","1971-08-01 00:00:00","",""
"402","SN 1971U","00:00:00.00","+00:00:00.00","SN I","","UGC 5912        ","","","","","","","","0","1","","15.5","","1971-12-16 00:00:00","",""
"401"," 1971T","00:00:00.00","+00:00:00.00","","","NGC 1090        ","","","","","","","","0","1","","16","","1971-11-23 00:00:00","",""
"400"," 1971S","00:00:00.00","+00:00:00.00","","","NGC 493         ","","","","","","","","0","1","","15.5","","1971-11-15 00:00:00","",""
"399"," 1971R","00:00:00.00","+00:00:00.00","","","IC 4798         ","","","","","","","","0","1","","13","","1971-10-01 00:00:00","",""
"398"," 1971Q","00:00:00.00","+00:00:00.00","","","Anon.           ","","","","","","","","0","1","","18.5","","1971-08-29 00:00:00","",""
"397"," 1971P","00:00:00.00","+00:00:00.00","","","NGC 7319        ","","","","","","","","0","1","","16.8","","1971-08-19 00:00:00","",""
"396"," 1971O","00:00:00.00","+00:00:00.00","","","Anon.           ","","","","","","","","0","1","","16.8","","1971-08-30 00:00:00","",""
"395"," 1971N","00:00:00.00","+00:00:00.00","","","Anon.           ","","","","","","","","0","1","","17","","1971-08-20 00:00:00","",""
"394"," 1971M","00:00:00.00","+00:00:00.00","","","Anon.           ","","","","","","","","0","1","","19","","1971-08-18 00:00:00","",""
"393","SN 1971L","00:00:00.00","+00:00:00.00","SN I","","NGC 6384        ","","","","","","","","0","1","","12.8","","1971-06-24 00:00:00","",""
"392"," 1971K","00:00:00.00","+00:00:00.00","","","NGC 3811        ","","","","","","","","0","1","","16.1","","1971-06-12 00:00:00","",""
"391"," 1971J","00:00:00.00","+00:00:00.00","","","Anon.           ","","","","","","","","0","1","","18","","1971-05-24 00:00:00","",""
"390"," 1971I","00:00:00.00","+00:00:00.00","","","NGC 5055        ","","","","","","","","0","1","","11.5","","1971-05-24 00:00:00","",""
"389"," 1971H","00:00:00.00","+00:00:00.00","","","Anon.           ","","","","","","","","0","1","","18","","1971-04-18 00:00:00","",""
"388","SN 1971G","00:00:00.00","+00:00:00.00","SN Ia","","NGC 4165        ","","","","","","","","0","1","","13.6","","1971-03-29 00:00:00","",""
"387"," 1971F","00:00:00.00","+00:00:00.00","","","Anon.           ","","","","","","","","0","1","","17.3","","1971-03-23 00:00:00","",""
"386"," 1971E","00:00:00.00","+00:00:00.00","","","Anon.           ","","","","","","","","0","1","","17.5","","1971-03-22 00:00:00","",""
"385"," 1971D","00:00:00.00","+00:00:00.00","","","NGC 5861        ","","","","","","","","0","1","","15.5","","1971-02-24 00:00:00","",""
"384"," 1971C","00:00:00.00","+00:00:00.00","","","NGC 3904        ","","","","","","","","0","1","","15.3","","1971-01-31 00:00:00","",""
"383"," 1971B","00:00:00.00","+00:00:00.00","","","Anon.           ","","","","","","","","0","1","","17.5","","1971-01-31 00:00:00","",""
"382"," 1971A","00:00:00.00","+00:00:00.00","","","UGC 6322        ","","","","","","","","0","1","","16.5","","1971-01-31 00:00:00","",""
"381"," 1970P","00:00:00.00","+00:00:00.00","","","NGC 5230        ","","","","","","","","0","1","","17.2","","1970-06-04 00:00:00","",""
"380"," 1970O","00:00:00.00","+00:00:00.00","","","Anon.           ","","","","","","","","0","1","","13.7","","1970-02-02 00:00:00","",""
"379"," 1970N","00:00:00.00","+00:00:00.00","","","Anon.           ","","","","","","","","0","1","","18.8","","1970-08-03 00:00:00","",""
"378"," 1970M","00:00:00.00","+00:00:00.00","","","Anon.           ","","","","","","","","0","1","","16.5","","1970-11-26 00:00:00","",""
"377"," 1970L","00:00:00.00","+00:00:00.00","","","NGC 2968        ","","","","","","","","0","1","","13","","1970-10-31 00:00:00","",""
"376"," 1970K","00:00:00.00","+00:00:00.00","","","Anon.           ","","","","","","","","0","1","","18.5","","1970-10-06 00:00:00","",""
"375","SN 1970J","00:00:00.00","+00:00:00.00","SN I","","NGC 7619        ","","","","","","","","0","1","","14.5","","1970-09-24 00:00:00","",""
"374"," 1970I","00:00:00.00","+00:00:00.00","","","Anon.           ","","","","","","","","0","1","","18","","1970-09-04 00:00:00","",""
"373"," 1970H","00:00:00.00","+00:00:00.00","","","UGC 12005       ","","","","","","","","0","1","","17","","1970-08-29 00:00:00","",""
"372","SN 1970G","14:03:00.83","+54:14:32.78","SN II","","NGC 5457        ","","","","","","","","0","1","","11.5","","1970-07-30 00:00:00","",""
"371"," 1970F","00:00:00.00","+00:00:00.00","","","Anon.           ","","","","","","","","0","1","","19","","1970-05-31 00:00:00","",""
"370"," 1970E","00:00:00.00","+00:00:00.00","","","Anon.           ","","","","","","","","0","1","","18.5","","1970-05-31 00:00:00","",""
"369"," 1970D","00:00:00.00","+00:00:00.00","","","Anon.           ","","","","","","","","0","1","","17","","1970-04-07 00:00:00","",""
"368"," 1970C","00:00:00.00","+00:00:00.00","","","Anon.           ","","","","","","","","0","1","","16","","1970-03-10 00:00:00","",""
"367"," 1970B","00:00:00.00","+00:00:00.00","","","Anon.           ","","","","","","","","0","1","","15","","1970-03-07 00:00:00","",""
"366","SN 1970A","00:00:00.00","+00:00:00.00","SN II","","IC 3476         ","","","","","","","","0","1","","14","","1970-02-15 00:00:00","",""
"365"," 1969Q","00:00:00.00","+00:00:00.00","","","NGC 4472        ","","","","","","","","0","1","","13","","0000-00-00 00:00:00","",""
"364"," 1969P","00:00:00.00","+00:00:00.00","","","NGC 6946        ","","","","","","","","0","1","","13.9","","1969-12-11 00:00:00","",""
"363"," 1969O","00:00:00.00","+00:00:00.00","","","Anon.           ","","","","","","","","0","1","","18.2","","1969-09-16 00:00:00","",""
"362"," 1969N","00:00:00.00","+00:00:00.00","","","Anon.           ","","","","","","","","0","1","","16","","1969-12-10 00:00:00","",""
"361"," 1969M","00:00:00.00","+00:00:00.00","","","Anon.           ","","","","","","","","0","1","","17.5","","1969-12-07 00:00:00","",""
"360","SN 1969L","00:00:00.00","+00:00:00.00","SN II","","NGC 1058        ","","","","","","","","0","1","","12.8","","1969-12-02 00:00:00","",""
"359"," 1969K","00:00:00.00","+00:00:00.00","","","UGC 12733       ","","","","","","","","0","1","","17.5","","1969-11-03 00:00:00","",""
"358"," 1969J","00:00:00.00","+00:00:00.00","","","Anon.           ","","","","","","","","0","1","","17","","1969-10-04 00:00:00","",""
"357"," 1969I","00:00:00.00","+00:00:00.00","","","Anon.           ","","","","","","","","0","1","","17","","1969-06-17 00:00:00","",""
"356"," 1969H","00:00:00.00","+00:00:00.00","","","NGC 4725        ","","","","","","","","0","1","","15","","1969-06-17 00:00:00","",""
"355"," 1969G","00:00:00.00","+00:00:00.00","","","Anon.           ","","","","","","","","0","1","","18","","1969-04-13 00:00:00","",""
"354"," 1969F","00:00:00.00","+00:00:00.00","","","Anon.           ","","","","","","","","0","1","","16","","1969-04-12 00:00:00","",""
"353"," 1969E","00:00:00.00","+00:00:00.00","","","NGC 4526        ","","","","","","","","0","1","","16","","1969-03-23 00:00:00","",""
"352"," 1969D","00:00:00.00","+00:00:00.00","","","Anon.           ","","","","","","","","0","1","","17.5","","1969-02-17 00:00:00","",""
"351"," 1969C","00:00:00.00","+00:00:00.00","","","NGC 3811        ","","","","","","","","0","1","","13.8","","1969-02-09 00:00:00","",""
"350"," 1969B","00:00:00.00","+00:00:00.00","","","NGC 3556        ","","","","","","","","0","1","","16","","1969-02-06 00:00:00","",""
"349"," 1969A","00:00:00.00","+00:00:00.00","","","NGC 1392        ","","","","","","","","0","1","","17","","1969-01-08 00:00:00","",""
"323"," 1968aa","00:00:00.00","+00:00:00.00","","","NGC 4975        ","","","","","","","","0","1","","15","","1968-04-23 00:00:00","",""
"348"," 1968Z","00:00:00.00","+00:00:00.00","","","NGC 7768        ","","","","","","","","0","1","","17.9","","1968-09-01 00:00:00","",""
"347"," 1968Y","00:00:00.00","+00:00:00.00","","","Anon.           ","","","","","","","","0","1","","18.5","","1968-12-12 00:00:00","",""
"346"," 1968X","00:00:00.00","+00:00:00.00","","","NGC 4939        ","","","","","","","","0","1","","16","","1968-11-27 00:00:00","",""
"345"," 1968W","00:00:00.00","+00:00:00.00","","","NGC 2276        ","","","","","","","","0","1","","16.6","","1968-03-24 00:00:00","",""
"344"," 1968V","00:00:00.00","+00:00:00.00","","","NGC 2276        ","","","","","","","","0","1","","15.7","","1968-01-26 00:00:00","",""
"343"," 1968U","00:00:00.00","+00:00:00.00","","","NGC 4183        ","","","","","","","","0","1","","14.5","","1968-10-30 00:00:00","",""
"342"," 1968T","00:00:00.00","+00:00:00.00","","","Anon.           ","","","","","","","","0","1","","18","","1968-10-17 00:00:00","",""
"341"," 1968S","00:00:00.00","+00:00:00.00","","","Anon.           ","","","","","","","","0","1","","16.5","","1968-09-28 00:00:00","",""
"340"," 1968R","00:00:00.00","+00:00:00.00","","","Anon.           ","","","","","","","","0","1","","15.5","","1968-08-21 00:00:00","",""
"339"," 1968Q","00:00:00.00","+00:00:00.00","","","Anon.           ","","","","","","","","0","1","","18.5","","1968-08-21 00:00:00","",""
"338"," 1968P","00:00:00.00","+00:00:00.00","","","Anon.           ","","","","","","","","0","1","","16.8","","1968-07-21 00:00:00","",""
"337"," 1968O","00:00:00.00","+00:00:00.00","","","Anon.           ","","","","","","","","0","1","","15.8","","1968-07-22 00:00:00","",""
"336"," 1968N","00:00:00.00","+00:00:00.00","","","Anon.           ","","","","","","","","0","1","","19","","1968-07-21 00:00:00","",""
"335"," 1968M","00:00:00.00","+00:00:00.00","","","Anon.           ","","","","","","","","0","1","","15.4","","1968-07-18 00:00:00","",""
"334"," 1968L","13:37:00.51","-29:51:59.00","","","NGC 5236        ","","","","","","","","0","1","","11.9","","1968-07-17 00:00:00","",""
"333"," 1968K","00:00:00.00","+00:00:00.00","","","Anon.           ","","","","","","","","0","1","","17.5","","1968-05-02 00:00:00","",""
"332"," 1968J","00:00:00.00","+00:00:00.00","","","Anon.           ","","","","","","","","0","1","","16.6","","1968-05-16 00:00:00","",""
"331","SN 1968I","00:00:00.00","+00:00:00.00","SN Ia","","NGC 4981        ","","","","","","","","0","1","","13.5","","1968-04-23 00:00:00","",""
"330"," 1968H","00:00:00.00","+00:00:00.00","","","Anon.           ","","","","","","","","0","1","","16.6","","1968-04-24 00:00:00","",""
"329"," 1968G","00:00:00.00","+00:00:00.00","","","Anon.           ","","","","","","","","0","1","","17.4","","1968-04-23 00:00:00","",""
"328"," 1968F","00:00:00.00","+00:00:00.00","","","NGC 3834        ","","","","","","","","0","1","","16.2","","1968-02-19 00:00:00","",""
"327","SN 1968E","00:00:00.00","+00:00:00.00","SN Ia","","NGC 2713        ","","","","","","","","0","1","","14.3","","1968-03-21 00:00:00","",""
"326","SN 1968D","20:34:58.41","+60:09:34.42","SN II","","NGC 6946        ","","","","","","","","0","1","","13.5","","1968-02-29 00:00:00","",""
"325"," 1968C","00:00:00.00","+00:00:00.00","","","Anon.           ","","","","","","","","0","1","","17.8","","1968-02-29 00:00:00","",""
"324"," 1968B","00:00:00.00","+00:00:00.00","","","NGC 4874        ","","","","","","","","0","1","","17.4","","1968-02-05 00:00:00","",""
"322"," 1968A","00:00:00.00","+00:00:00.00","","","NGC 1275        ","","","","","","","","0","1","","15.5","","1968-01-25 00:00:00","",""
"321"," 1967K","00:00:00.00","+00:00:00.00","","","Anon.           ","","","","","","","","0","1","","15","","1967-12-29 00:00:00","",""
"320"," 1967J","00:00:00.00","+00:00:00.00","","","Anon.           ","","","","","","","","0","1","","17.5","","1967-11-06 00:00:00","",""
"319"," 1967I","00:00:00.00","+00:00:00.00","","","Anon.           ","","","","","","","","0","1","","18.5","","1967-06-30 00:00:00","",""
"318"," 1967H","00:00:00.00","+00:00:00.00","","","NGC 4254        ","","","","","","","","0","1","","14.6","","1967-07-02 00:00:00","",""
"317"," 1967G","00:00:00.00","+00:00:00.00","","","Anon.           ","","","","","","","","0","1","","19","","1967-05-13 00:00:00","",""
"316"," 1967F","00:00:00.00","+00:00:00.00","","","Anon.           ","","","","","","","","0","1","","0","","0000-00-00 00:00:00","",""
"315"," 1967E","00:00:00.00","+00:00:00.00","","","Anon.           ","","","","","","","","0","1","","18","","1967-03-02 00:00:00","",""
"314"," 1967D","00:00:00.00","+00:00:00.00","","","Anon.           ","","","","","","","","0","1","","19.5","","1967-02-12 00:00:00","",""
"313"," 1967C","00:00:00.00","+00:00:00.00","","","NGC 3389        ","","","","","","","","0","1","","13","","1967-02-28 00:00:00","",""
"312"," 1967B","00:00:00.00","+00:00:00.00","","","Anon.           ","","","","","","","","0","1","","14.5","","1967-01-14 00:00:00","",""
"311"," 1967A","00:00:00.00","+00:00:00.00","","","Anon.           ","","","","","","","","0","1","","17","","1967-01-03 00:00:00","",""
"310"," 1966O","00:00:00.00","+00:00:00.00","","","Anon.           ","","","","","","","","0","1","","0","","0000-00-00 00:00:00","",""
"309"," 1966N","00:00:00.00","+00:00:00.00","","","Anon.           ","","","","","","","","0","1","","15","","1966-10-16 00:00:00","",""
"308"," 1966M","00:00:00.00","+00:00:00.00","","","Anon.           ","","","","","","","","0","1","","18.5","","1966-12-18 00:00:00","",""
"307"," 1966L","00:00:00.00","+00:00:00.00","","","UGC 738         ","","","","","","","","0","1","","17.6","","1966-12-19 00:00:00","",""
"306"," 1966K","00:00:00.00","+00:00:00.00","","","UGC 6322        ","","","","","","","","0","1","","17.8","","1966-12-19 00:00:00","",""
"305","SN 1966J","00:00:00.00","+00:00:00.00","SN Ia","","NGC 3198        ","","","","","","","","0","1","","13","","1966-12-20 00:00:00","",""
"304"," 1966I","00:00:00.00","+00:00:00.00","","","Anon.           ","","","","","","","","0","1","","16","","1966-09-16 00:00:00","",""
"303"," 1966H","00:00:00.00","+00:00:00.00","","","Anon.           ","","","","","","","","0","1","","19","","1966-09-19 00:00:00","",""
"302"," 1966G","00:00:00.00","+00:00:00.00","","","NGC 521         ","","","","","","","","0","1","","15.5","","1966-08-16 00:00:00","",""
"301"," 1966F","00:00:00.00","+00:00:00.00","","","NGC 4453        ","","","","","","","","0","1","","17.5","","1966-07-18 00:00:00","",""
"300"," 1966E","00:00:00.00","+00:00:00.00","","","NGC 4189        ","","","","","","","","0","1","","14.8","","1966-07-12 00:00:00","",""
"299"," 1966D","00:00:00.00","+00:00:00.00","","","Anon.           ","","","","","","","","0","1","","19.5","","1966-06-10 00:00:00","",""
"298"," 1966C","00:00:00.00","+00:00:00.00","","","Anon.           ","","","","","","","","0","1","","16.8","","1966-01-21 00:00:00","",""
"297"," 1966B","00:00:00.00","+00:00:00.00","","","NGC 4688        ","","","","","","","","0","1","","15","","1966-02-12 00:00:00","",""
"296"," 1966A","00:00:00.00","+00:00:00.00","","","UGC 4870        ","","","","","","","","0","1","","15.5","","1966-01-18 00:00:00","",""
"295"," 1965P","00:00:00.00","+00:00:00.00","","","NGC 2599        ","","","","","","","","0","1","","15.7","","1965-03-06 00:00:00","",""
"294"," 1965O","00:00:00.00","+00:00:00.00","","","Anon.           ","","","","","","","","0","1","","0","","0000-00-00 00:00:00","",""
"293"," 1965N","09:59:41.71","+35:23:43.69","","","NGC 3074        ","","","","","","","","0","1","","15.8","","1965-12-21 00:00:00","",""
"292"," 1965M","00:00:00.00","+00:00:00.00","","","NGC 7606        ","","","","","","","","0","1","","16","","1965-10-04 00:00:00","",""
"291"," 1965L","00:00:00.00","+00:00:00.00","","","NGC 3631        ","","","","","","","","0","1","","16","","1965-09-29 00:00:00","",""
"290"," 1965K","00:00:00.00","+00:00:00.00","","","UGC 1963        ","","","","","","","","0","1","","16","","1965-09-21 00:00:00","",""
"289"," 1965J","03:21:04.58","-37:06:14.69","","","NGC 1310        ","","","","","","","","0","1","","18","","1965-08-31 00:00:00","",""
"288"," 1965I","00:00:00.00","+00:00:00.00","","","NGC 4753        ","","","","","","","","0","1","","13.5","","1965-06-18 00:00:00","",""
"287"," 1965H","00:00:00.00","+00:00:00.00","","","NGC 4666        ","","","","","","","","0","1","","14","","1965-05-23 00:00:00","",""
"286"," 1965G","00:00:00.00","+00:00:00.00","","","NGC 4162        ","","","","","","","","0","1","","14","","1965-03-23 00:00:00","",""
"285"," 1965F","16:10:37.97","+19:03:28.01","","","Anon.           ","","","","","","","","0","1","","18","","1965-03-29 00:00:00","",""
"284"," 1965E","09:50:07.07","+34:24:54.61","","","Anon.           ","","","","","","","","0","1","","16.4","","1965-03-26 00:00:00","",""
"283"," 1965D","10:39:26.31","-27:54:16.70","","","Anon.           ","","","","","","","","0","1","","14","","1965-02-26 00:00:00","",""
"282"," 1965C","11:43:22.45","+18:32:34.40","","","Anon.           ","","","","","","","","0","1","","18","","1965-01-28 00:00:00","",""
"281"," 1965B","00:00:00.00","+00:00:00.00","","","NGC 4727        ","","","","","","","","0","1","","16","","1965-01-08 00:00:00","",""
"280"," 1965A","00:00:00.00","+00:00:00.00","","","NGC 4410        ","","","","","","","","0","1","","16","","1965-01-01 00:00:00","",""
"279"," 1964O","00:00:00.00","+00:00:00.00","","","                ","","","","","","","","0","1","","15","","0000-00-00 00:00:00","",""
"278"," 1964N","00:00:00.00","+00:00:00.00","","","UGC 1903        ","","","","","","","","0","1","","16","","1964-09-11 00:00:00","",""
"277"," 1964M","10:27:13.10","+20:29:26.70","","","Anon.           ","","","","","","","","0","1","","18","","1964-12-30 00:00:00","",""
"276","SN 1964L","11:52:49.10","+44:07:45.41","SN Ic","","NGC 3938        ","","","","","","","","0","1","","13.3","","1964-12-11 00:00:00","",""
"275"," 1964K","23:14:48.02","+07:42:59.18","","","Anon.           ","","","","","","","","0","1","","18","","1964-11-25 00:00:00","",""
"274"," 1964J","00:00:00.00","+00:00:00.00","","","Anon.           ","","","","","","","","0","1","","17","","1964-10-11 00:00:00","",""
"273"," 1964I","16:23:07.04","+41:14:11.80","","","Anon.           ","","","","","","","","0","1","","18","","1964-09-29 00:00:00","",""
"272","SN 1964H","22:28:24.06","+30:17:23.50","SN II","","NGC 7292        ","","","","","","","","0","1","","14.8","","1964-06-14 00:00:00","",""
"271"," 1964G","16:23:38.19","+39:12:23.62","","","Anon.           ","","","","","","","","0","1","","16","","1964-06-02 00:00:00","",""
"270","SN 1964F","00:00:00.00","+00:00:00.00","SN II","","NGC 4303        ","","","","","","","","0","1","","14","","0000-00-00 00:00:00","",""
"269","SN 1964E","00:00:00.00","+00:00:00.00","SN Ia","","UGC 6983        ","","","","","","","","0","1","","12.9","","1964-03-12 00:00:00","",""
"268"," 1964D","00:00:00.00","+00:00:00.00","","","NGC 4887        ","","","","","","","","0","1","","16.5","","1964-02-13 00:00:00","",""
"267"," 1964C","16:06:06.86","+17:27:34.70","","","IC 1188         ","","","","","","","","0","1","","17.3","","1964-02-10 00:00:00","",""
"266"," 1964B","00:00:00.00","+00:00:00.00","","","UGC 2646        ","","","","","","","","0","1","","16.7","","1964-02-08 00:00:00","",""
"265"," 1964A","00:00:00.00","+00:00:00.00","","","NGC 3631        ","","","","","","","","0","1","","17","","1964-02-04 00:00:00","",""
"264"," 1963X","00:00:00.00","+00:00:00.00","","","Anon.           ","","","","","","","","0","1","","16","","1963-03-02 00:00:00","",""
"263"," 1963W","02:31:00.89","+43:58:38.10","","","Anon.           ","","","","","","","","0","1","","17","","1963-08-25 00:00:00","",""
"262"," 1963V","02:34:31.33","-06:04:42.82","","","Anon.           ","","","","","","","","0","1","","16","","1963-09-21 00:00:00","",""
"261"," 1963U","09:53:18.11","+36:05:20.00","","","Anon.           ","","","","","","","","0","1","","15","","1963-12-16 00:00:00","",""
"260"," 1963T","01:24:24.49","+34:02:39.41","","","Anon.           ","","","","","","","","0","1","","17.5","","1963-10-21 00:00:00","",""
"259"," 1963S","01:23:38.06","+01:33:43.81","","","Anon.           ","","","","","","","","0","1","","15","","1963-12-06 00:00:00","",""
"258"," 1963R","02:36:15.70","+35:57:11.30","","","Anon.           ","","","","","","","","0","1","","16.8","","1963-10-11 00:00:00","",""
"257"," 1963Q","16:06:40.35","+17:11:32.60","","","IC 1195         ","","","","","","","","0","1","","17","","1963-09-14 00:00:00","",""
"256"," 1963P","02:46:02.10","-07:34:50.48","","","NGC 1084        ","","","","","","","","0","1","","14","","1963-09-18 00:00:00","",""
"255"," 1963O","15:15:16.03","+55:30:52.88","","","NGC 5905        ","","","","","","","","0","1","","16","","1963-08-17 00:00:00","",""
"254"," 1963N","01:26:19.36","+34:42:05.00","","","NGC 536         ","","","","","","","","0","1","","17.7","","1963-06-27 00:00:00","",""
"253"," 1963M","12:57:57.70","+28:03:34.31","","","Anon.           ","","","","","","","","0","1","","15.9","","1963-06-19 00:00:00","",""
"252"," 1963L","02:47:53.55","+37:31:52.72","","","UGC 2259        ","","","","","","","","0","1","","15","","1963-06-26 00:00:00","",""
"251"," 1963K","11:23:39.70","+53:50:12.70","","","NGC 3656        ","","","","","","","","0","1","","15","","1963-06-15 00:00:00","",""
"250"," 1963J","11:50:38.30","+55:21:01.30","","","NGC 3913        ","","","","","","","","0","1","","13.7","","1963-05-18 00:00:00","",""
"249","SN 1963I","12:12:45.61","+10:51:30.82","SN Ia","","NGC 4178        ","","","","","","","","0","1","","14.3","","1963-05-14 00:00:00","",""
"248"," 1963H","15:22:21.30","+05:23:33.68","","","Anon.           ","","","","","","","","0","1","","18.5","","1963-03-25 00:00:00","",""
"247"," 1963G","12:17:48.94","+26:01:32.41","","","IC 3112         ","","","","","","","","0","1","","15.8","","1963-02-19 00:00:00","",""
"246"," 1963F","15:22:25.85","+27:49:28.31","","","Anon.           ","","","","","","","","0","1","","17.6","","1963-03-25 00:00:00","",""
"245"," 1963E","01:26:25.24","-01:38:29.80","","","IC 1703         ","","","","","","","","0","1","","16.5","","1963-01-22 00:00:00","",""
"244"," 1963D","00:00:00.00","+00:00:00.00","","","NGC 4146        ","","","","","","","","0","1","","15.8","","1963-01-23 00:00:00","",""
"243"," 1963C","12:57:47.73","+27:53:05.71","","","Anon.           ","","","","","","","","0","1","","15.7","","1963-01-24 00:00:00","",""
"242"," 1963B","15:11:31.42","+05:14:38.69","","","Anon.           ","","","","","","","","0","1","","17","","1963-01-23 00:00:00","",""
"241"," 1963A","15:26:60.00","+26:27:01.51","","","Anon.           ","","","","","","","","0","1","","18.1","","1963-01-22 00:00:00","",""
"240"," 1962R","00:00:00.00","+00:00:00.00","","","UGC 1810        ","","","","","","","","0","1","","15.9","","0000-00-00 00:00:00","",""
"239"," 1962Q","00:00:00.00","+00:00:00.00","","","NGC 2276        ","","","","","","","","0","1","","16.9","","1962-02-25 00:00:00","",""
"238"," 1962P","00:00:00.00","+00:00:00.00","","","NGC 1654        ","","","","","","","","0","1","","14.5","","1962-10-09 00:00:00","",""
"237"," 1962O","00:00:00.00","+00:00:00.00","","","Anon.           ","","","","","","","","0","1","","19.8","","1962-11-30 00:00:00","",""
"236"," 1962N","15:21:11.33","+26:19:56.32","","","Anon.           ","","","","","","","","0","1","","17","","1962-12-03 00:00:00","",""
"235"," 1962M","00:00:00.00","+00:00:00.00","","","NGC 1313        ","","","","","","","","0","1","","11.7","","1962-11-26 00:00:00","",""
"234","SN 1962L","00:00:00.00","+00:00:00.00","SN Ic","","NGC 1073        ","","","","","","","","0","1","","13.9","","1962-11-23 00:00:00","",""
"233"," 1962K","02:46:30.59","-00:14:40.20","","","NGC 1090        ","","","","","","","","0","1","","18.2","","1962-09-03 00:00:00","",""
"232","SN 1962J","00:00:00.00","+00:00:00.00","SN Ia","","NGC 6835        ","","","","","","","","0","1","","13.6","","1962-08-28 00:00:00","",""
"231"," 1962I","13:02:52.37","+27:31:10.20","","","Anon.           ","","","","","","","","0","1","","17.2","","1962-05-28 00:00:00","",""
"230"," 1962H","00:00:00.00","+00:00:00.00","","","IC 4237         ","","","","","","","","0","1","","13","","1962-06-28 00:00:00","",""
"229"," 1962G","15:28:06.58","+29:00:36.11","","","Anon.           ","","","","","","","","0","1","","19","","1962-05-01 00:00:00","",""
"228"," 1962F","08:17:28.53","+21:40:27.01","","","UGC 4308        ","","","","","","","","0","1","","16.5","","1962-04-28 00:00:00","",""
"227"," 1962E","11:15:05.52","+25:53:31.60","","","Anon.           ","","","","","","","","0","1","","17.5","","1962-03-02 00:00:00","",""
"226"," 1962D","10:33:12.55","-27:55:11.50","","","Anon.           ","","","","","","","","0","1","","16","","1962-02-03 00:00:00","",""
"225"," 1962C","16:05:04.98","+17:34:54.41","","","Anon.           ","","","","","","","","0","1","","18","","1962-01-06 00:00:00","",""
"224"," 1962B","15:22:45.29","+29:46:08.11","","","UGC 9831        ","","","","","","","","0","1","","17","","1962-01-06 00:00:00","",""
"223"," 1962A","13:06:35.55","+27:52:29.71","","","Anon.           ","","","","","","","","0","1","","15.6","","1962-01-06 00:00:00","",""
"222"," 1961X","00:00:00.00","+00:00:00.00","","","                ","","","","","","","","0","1","","0","","0000-00-00 00:00:00","",""
"221"," 1961W","00:00:00.00","+00:00:00.00","","","                ","","","","","","","","0","1","","0","","0000-00-00 00:00:00","",""
"220","SN 1961V","00:00:00.00","+00:00:00.00","SN IIP","","NGC 1058        ","","","","","","","","0","1","","12.2","","1961-12-05 00:00:00","",""
"219"," 1961U","00:00:00.00","+00:00:00.00","","","NGC 3938        ","","","","","","","","0","1","","13.7","","1962-01-02 00:00:00","",""
"218"," 1961T","09:38:59.16","+33:27:09.50","","","Anon.           ","","","","","","","","0","1","","17.5","","1961-11-08 00:00:00","",""
"217"," 1961S","10:21:01.95","+21:42:53.78","","","Anon.           ","","","","","","","","0","1","","18.3","","1961-11-07 00:00:00","",""
"216"," 1961R","01:10:01.46","+32:54:55.19","","","Anon.           ","","","","","","","","0","1","","17","","1961-11-07 00:00:00","",""
"215"," 1961Q","01:26:41.39","+02:01:32.20","","","NGC 550         ","","","","","","","","0","1","","17.2","","1961-11-30 00:00:00","",""
"214"," 1961P","00:00:00.00","+00:00:00.00","","","UGC 2069        ","","","","","","","","0","1","","14.3","","1961-09-12 00:00:00","",""
"213"," 1961O","02:26:43.70","+43:36:53.32","","","Anon.           ","","","","","","","","0","1","","17","","1961-09-04 00:00:00","",""
"212"," 1961N","23:38:38.84","+27:00:34.20","","","IC 5342         ","","","","","","","","0","1","","16.8","","1961-09-02 00:00:00","",""
"211"," 1961M","01:10:00.71","+32:22:41.99","","","UGC 724         ","","","","","","","","0","1","","17","","1961-08-06 00:00:00","",""
"210"," 1961L","10:22:19.01","+21:35:03.91","","","NGC 3221        ","","","","","","","","0","1","","17.5","","0000-00-00 00:00:00","",""
"209"," 1961K","12:03:19.80","+16:30:32.29","","","UGC 7032        ","","","","","","","","0","1","","16.3","","1961-06-04 00:00:00","",""
"208"," 1961J","16:11:47.56","+29:34:21.22","","","Anon.           ","","","","","","","","0","1","","16","","1961-06-06 00:00:00","",""
"207","SN 1961I","12:22:00.44","+04:28:13.30","SN II","","NGC 4303        ","","","","","","","","0","1","","13","","1961-06-03 00:00:00","",""
"206"," 1961H","00:00:00.00","+00:00:00.00","","","NGC 4564        ","","","","","","","","0","1","","11.2","","1961-05-02 00:00:00","",""
"205"," 1961G","10:22:20.69","+21:13:22.19","","","Anon.           ","","","","","","","","0","1","","18.2","","1961-05-05 00:00:00","",""
"204","SN 1961F","09:48:38.31","+33:25:35.11","SN II","","NGC 3003        ","","","","","","","","0","1","","13.1","","1961-02-21 00:00:00","",""
"203"," 1961E","15:17:35.09","+05:03:13.90","","","Anon.           ","","","","","","","","0","1","","17","","1961-01-23 00:00:00","",""
"202"," 1961D","12:50:56.40","+27:50:19.00","","","Anon.           ","","","","","","","","0","1","","16.5","","1961-01-14 00:00:00","",""
"201"," 1961C","02:15:25.14","+41:06:49.72","","","Anon.           ","","","","","","","","0","1","","18.2","","1961-01-14 00:00:00","",""
"200"," 1961B","08:25:46.11","+19:27:14.62","","","IC 2363         ","","","","","","","","0","1","","18.5","","1961-01-12 00:00:00","",""
"199"," 1961A","02:44:04.47","+00:46:56.60","","","Anon.           ","","","","","","","","0","1","","19","","1961-01-12 00:00:00","",""
"198","SN 1960R","12:25:24.84","+18:09:19.40","SN Ia","","NGC 4382        ","","","","","","","","0","1","","12","","1960-12-20 00:00:00","",""
"197"," 1960Q","01:35:54.96","-05:29:53.99","","","Anon.           ","","","","","","","","0","1","","17.5","","1960-12-13 00:00:00","",""
"196"," 1960P","01:06:10.04","+31:24:23.80","","","UGC 673         ","","","","","","","","0","1","","17.5","","1960-11-22 00:00:00","",""
"195"," 1960O","23:36:25.55","+27:56:20.80","","","Anon.           ","","","","","","","","0","1","","18.5","","1960-11-10 00:00:00","",""
"194"," 1960N","08:26:07.97","+21:27:32.29","","","UGC 4399        ","","","","","","","","0","1","","16.6","","1960-10-26 00:00:00","",""
"193"," 1960M","08:19:47.44","+22:02:28.72","","","NGC 2565        ","","","","","","","","0","1","","15.7","","1960-10-26 00:00:00","",""
"192"," 1960L","22:00:41.62","+17:43:20.10","","","NGC 7177        ","","","","","","","","0","1","","16","","1960-08-14 00:00:00","",""
"191"," 1960K","22:39:44.72","+34:22:41.59","","","Anon.           ","","","","","","","","0","1","","19","","1960-06-18 00:00:00","",""
"190"," 1960J","12:25:03.55","+28:33:45.22","","","NGC 4375        ","","","","","","","","0","1","","18.5","","1960-06-18 00:00:00","",""
"189"," 1960I","12:26:57.42","+48:16:28.60","","","UGC 7560        ","","","","","","","","0","1","","18.5","","1960-06-18 00:00:00","",""
"188","SN 1960H","12:06:07.52","+47:30:38.20","SN Ia-pec","","NGC 4096        ","","","","","","","","0","1","","14.5","","1960-06-18 00:00:00","",""
"187"," 1960G","11:31:03.57","+18:23:15.79","","","Anon.           ","","","","","","","","0","1","","17.5","","1960-04-19 00:00:00","",""
"186","SN 1960F","12:31:42.05","+03:56:47.80","SN Ia","","NGC 4496        ","","","","","","","","0","1","","11.6","","1960-04-17 00:00:00","",""
"185"," 1960E","12:17:37.05","+47:53:13.60","","","Anon.           ","","","","","","","","0","1","","16.5","","1960-03-20 00:00:00","",""
"184"," 1960D","08:20:17.82","+20:52:04.40","","","UGC 4344        ","","","","","","","","0","1","","16.4","","1960-03-20 00:00:00","",""
"183"," 1960C","12:07:09.27","+16:59:55.50","","","Anon.           ","","","","","","","","0","1","","17","","1960-02-20 00:00:00","",""
"182"," 1960B","12:34:44.01","+09:00:09.61","","","Anon.           ","","","","","","","","0","1","","16","","1960-02-20 00:00:00","",""
"181"," 1960A","02:35:26.46","+02:06:42.08","","","Anon.           ","","","","","","","","0","1","","16","","1960-01-20 00:00:00","",""
"180"," 1959G","00:00:00.00","+00:00:00.00","","","Anon.           ","","","","","","","","0","1","","14.5","","1959-08-24 00:00:00","",""
"179"," 1959F","02:49:42.80","-00:31:04.01","","","Anon.           ","","","","","","","","0","1","","18.5","","1959-12-26 00:00:00","",""
"178"," 1959E","12:22:58.90","+15:49:01.09","","","NGC 4321        ","","","","","","","","0","1","","17.5","","1960-02-21 00:00:00","",""
"177","SN 1959D","22:37:01.82","+34:25:08.40","SN II","","NGC 7331        ","","","","","","","","0","1","","13.4","","1959-06-28 00:00:00","",""
"176","SN 1959C","13:11:23.81","+03:24:37.69","SN Ia","","UGC 8263        ","","","","","","","","0","1","","13.6","","1959-06-28 00:00:00","",""
"175"," 1959B","13:01:27.55","+27:52:22.80","","","NGC 4921        ","","","","","","","","0","1","","18.5","","1959-05-04 00:00:00","",""
"174"," 1959A","00:00:00.00","+00:00:00.00","","","NGC 1350        ","","","","","","","","0","1","","16","","1959-01-06 00:00:00","",""
"173"," 1958F","00:00:00.00","+00:00:00.00","","","NGC 5082        ","","","","","","","","0","1","","16","","0000-00-00 00:00:00","",""
"172"," 1958E","00:00:00.00","+00:00:00.00","","","Anon.           ","","","","","","","","0","1","","17.5","","0000-00-00 00:00:00","",""
"171"," 1958D","00:00:00.00","+00:00:00.00","","","Anon.           ","","","","","","","","0","1","","19.5","","1958-04-15 00:00:00","",""
"170"," 1958C","00:00:00.00","+00:00:00.00","","","Anon.           ","","","","","","","","0","1","","19.6","","1958-04-15 00:00:00","",""
"169"," 1958B","02:37:06.01","+01:19:28.70","","","Anon.           ","","","","","","","","0","1","","18","","1958-12-05 00:00:00","",""
"168"," 1958A","16:00:50.19","+19:42:37.01","","","Anon.           ","","","","","","","","0","1","","19","","1958-08-08 00:00:00","",""
"167"," 1957D","00:00:00.00","+00:00:00.00","","","NGC 5236        ","","","","","","","","0","1","","15","","0000-00-00 00:00:00","",""
"166"," 1957C","00:00:00.00","+00:00:00.00","","","NGC 1365        ","","","","","","","","0","1","","16.5","","0000-00-00 00:00:00","",""
"165","SN 1957B","00:00:00.00","+00:00:00.00","SN Ia","","NGC 4374        ","","","","","","","","0","1","","12.5","","1957-04-23 00:00:00","",""
"164","SN 1957A","00:00:00.00","+00:00:00.00","SN Ia-pec","","NGC 2841        ","","","","","","","","0","1","","14","","1957-02-26 00:00:00","",""
"163"," 1956K","00:00:00.00","+00:00:00.00","","","Anon.           ","","","","","","","","0","1","","19.6","","1956-02-11 00:00:00","",""
"162"," 1956J","00:00:00.00","+00:00:00.00","","","Anon.           ","","","","","","","","0","1","","19.8","","1956-04-09 00:00:00","",""
"161"," 1956I","00:00:00.00","+00:00:00.00","","","Anon.           ","","","","","","","","0","1","","20.2","","1956-04-09 00:00:00","",""
"160"," 1956H","00:00:00.00","+00:00:00.00","","","Anon.           ","","","","","","","","0","1","","19.3","","1956-02-11 00:00:00","",""
"159"," 1956G","00:00:00.00","+00:00:00.00","","","Anon.           ","","","","","","","","0","1","","19.3","","1956-03-10 00:00:00","",""
"158"," 1956F","00:00:00.00","+00:00:00.00","","","Anon.           ","","","","","","","","0","1","","19.6","","1956-03-10 00:00:00","",""
"157"," 1956E","00:00:00.00","+00:00:00.00","","","Anon.           ","","","","","","","","0","1","","19.5","","1956-02-10 00:00:00","",""
"156"," 1956D","00:00:00.00","+00:00:00.00","","","IC 850          ","","","","","","","","0","1","","19.2","","1956-02-11 00:00:00","",""
"155"," 1956C","00:00:00.00","+00:00:00.00","","","Anon.           ","","","","","","","","0","1","","0","","0000-00-00 00:00:00","",""
"154"," 1956B","00:00:00.00","+00:00:00.00","","","NGC 4782        ","","","","","","","","0","1","","18.6","","1956-04-08 00:00:00","",""
"153","SN 1956A","00:00:00.00","+00:00:00.00","SN Ia","","NGC 3992        ","","","","","","","","0","1","","12.3","","1956-03-08 00:00:00","",""
"152"," 1955S","15:36:40.61","+43:32:38.00","","","IC 4564         ","","","","","","","","0","1","","17.5","","1955-04-01 00:00:00","",""
"151"," 1955R","12:34:42.49","+49:19:54.80","","","UGC 7740        ","","","","","","","","0","1","","21","","1955-04-24 00:00:00","",""
"150"," 1955Q","10:56:08.77","+24:09:24.91","","","Anon.           ","","","","","","","","0","1","","17","","1955-03-24 00:00:00","",""
"149"," 1955P","00:00:00.00","+00:00:00.00","","","Anon.           ","","","","","","","","0","1","","18.5","","1955-03-22 00:00:00","",""
"148"," 1955O","00:00:00.00","+00:00:00.00","","","Anon.           ","","","","","","","","0","1","","19.3","","1955-03-22 00:00:00","",""
"147"," 1955N","00:00:00.00","+00:00:00.00","","","Anon.           ","","","","","","","","0","1","","19.8","","1955-03-22 00:00:00","",""
"146"," 1955M","00:00:00.00","+00:00:00.00","","","NGC 5857        ","","","","","","","","0","1","","14.5","","1955-05-14 00:00:00","",""
"145"," 1955L","00:00:00.00","+00:00:00.00","","","Anon.           ","","","","","","","","0","1","","16.5","","1955-03-23 00:00:00","",""
"144"," 1955K","00:00:00.00","+00:00:00.00","","","UGC 9206        ","","","","","","","","0","1","","18.4","","1955-05-12 00:00:00","",""
"143"," 1955J","00:00:00.00","+00:00:00.00","","","Anon.           ","","","","","","","","0","1","","17.9","","1955-05-17 00:00:00","",""
"142"," 1955I","00:00:00.00","+00:00:00.00","","","Anon.           ","","","","","","","","0","1","","19.3","","1955-05-17 00:00:00","",""
"141"," 1955H","00:00:00.00","+00:00:00.00","","","Anon.           ","","","","","","","","0","1","","18.8","","1955-04-16 00:00:00","",""
"140"," 1955G","00:00:00.00","+00:00:00.00","","","Anon.           ","","","","","","","","0","1","","19.4","","1955-04-16 00:00:00","",""
"139"," 1955F","00:00:00.00","+00:00:00.00","","","Anon.           ","","","","","","","","0","1","","19.5","","1955-04-20 00:00:00","",""
"138"," 1955E","00:00:00.00","+00:00:00.00","","","NGC 4335        ","","","","","","","","0","1","","16.3","","1955-05-10 00:00:00","",""
"137"," 1955D","00:00:00.00","+00:00:00.00","","","Anon.           ","","","","","","","","0","1","","15.5","","1955-11-18 00:00:00","",""
"136"," 1955C","00:00:00.00","+00:00:00.00","","","NGC 23          ","","","","","","","","0","1","","16","","1955-10-23 00:00:00","",""
"135"," 1955B","00:00:00.00","+00:00:00.00","","","Anon.           ","","","","","","","","0","1","","15.8","","1955-09-21 00:00:00","",""
"134"," 1955A","00:00:00.00","+00:00:00.00","","","NGC 4157        ","","","","","","","","0","1","","16","","1955-04-14 00:00:00","",""
"108"," 1954ad","08:32:46.37","+00:13:33.71","","","UGC 4467        ","","","","","","","","0","1","","17.5","","1954-12-21 00:00:00","",""
"107"," 1954ac","00:43:50.78","+32:50:32.89","","","UGC 465         ","","","","","","","","0","1","","18","","1954-10-04 00:00:00","",""
"106"," 1954ab","00:00:00.00","+00:00:00.00","","","Anon.           ","","","","","","","","0","1","","17.5","","1954-04-02 00:00:00","",""
"105"," 1954aa","00:00:00.00","+00:00:00.00","","","NGC 4129        ","","","","","","","","0","1","","19.9","","1954-04-02 00:00:00","",""
"133"," 1954Z","00:00:00.00","+00:00:00.00","","","UGC 5215        ","","","","","","","","0","1","","16","","1954-02-25 00:00:00","",""
"132"," 1954Y","00:00:00.00","+00:00:00.00","","","UGC 8827        ","","","","","","","","0","1","","19.4","","1954-04-01 00:00:00","",""
"131"," 1954X","00:00:00.00","+00:00:00.00","","","Anon.           ","","","","","","","","0","1","","18.5","","1954-04-01 00:00:00","",""
"130"," 1954W","00:00:00.00","+00:00:00.00","","","Anon.           ","","","","","","","","0","1","","19.4","","1954-05-06 00:00:00","",""
"129"," 1954V","00:00:00.00","+00:00:00.00","","","Anon.           ","","","","","","","","0","1","","20","","1954-09-05 00:00:00","",""
"128"," 1954U","00:00:00.00","+00:00:00.00","","","Anon.           ","","","","","","","","0","1","","17.8","","1954-09-05 00:00:00","",""
"127"," 1954T","00:00:00.00","+00:00:00.00","","","Anon.           ","","","","","","","","0","1","","19","","1954-07-31 00:00:00","",""
"126"," 1954S","00:00:00.00","+00:00:00.00","","","Anon.           ","","","","","","","","0","1","","17.4","","1954-09-07 00:00:00","",""
"125"," 1954R","00:00:00.00","+00:00:00.00","","","NGC 210         ","","","","","","","","0","1","","15.9","","1954-09-07 00:00:00","",""
"124"," 1954Q","00:00:00.00","+00:00:00.00","","","Anon.           ","","","","","","","","0","1","","18.5","","1954-06-01 00:00:00","",""
"123"," 1954P","00:00:00.00","+00:00:00.00","","","Anon.           ","","","","","","","","0","1","","19.5","","1954-06-01 00:00:00","",""
"122"," 1954O","00:00:00.00","+00:00:00.00","","","Anon.           ","","","","","","","","0","1","","17.6","","1954-05-04 00:00:00","",""
"121"," 1954N","00:00:00.00","+00:00:00.00","","","Anon.           ","","","","","","","","0","1","","18","","1954-06-03 00:00:00","",""
"120"," 1954M","00:00:00.00","+00:00:00.00","","","Anon.           ","","","","","","","","0","1","","17.5","","1954-06-03 00:00:00","",""
"119"," 1954L","00:00:00.00","+00:00:00.00","","","Anon.           ","","","","","","","","0","1","","19.3","","1954-02-10 00:00:00","",""
"118"," 1954K","00:00:00.00","+00:00:00.00","","","Anon.           ","","","","","","","","0","1","","15","","1954-11-26 00:00:00","",""
"117"," 1954J","07:36:55.36","+65:37:52.10","","","NGC 2403        ","","","","","","","","0","1","","0","","0000-00-00 00:00:00","",""
"116"," 1954I","00:00:00.00","+00:00:00.00","","","Anon.           ","","","","","","","","0","1","","17.3","","1954-01-04 00:00:00","",""
"115"," 1954H","00:00:00.00","+00:00:00.00","","","Anon.           ","","","","","","","","0","1","","17.4","","1954-05-30 00:00:00","",""
"114"," 1954G","00:00:00.00","+00:00:00.00","","","Anon.           ","","","","","","","","0","1","","16.6","","1954-03-06 00:00:00","",""
"113"," 1954F","00:00:00.00","+00:00:00.00","","","Anon.           ","","","","","","","","0","1","","18.8","","1954-08-30 00:00:00","",""
"112"," 1954E","00:00:00.00","+00:00:00.00","","","NGC 753         ","","","","","","","","0","1","","18.5","","1954-09-26 00:00:00","",""
"111"," 1954D","00:32:11.15","+31:40:37.09","","","UGC 319         ","","","","","","","","0","1","","17.4","","1954-10-03 00:00:00","",""
"110"," 1954C","00:00:00.00","+00:00:00.00","","","NGC 5879        ","","","","","","","","0","1","","14.9","","1954-09-27 00:00:00","",""
"109","SN 1954B","00:00:00.00","+00:00:00.00","SN Ia","","NGC 5668        ","","","","","","","","0","1","","12.3","","1954-04-27 00:00:00","",""
"104","SN 1954A","00:00:00.00","+00:00:00.00","SN Ib","","NGC 4214        ","","","","","","","","0","1","","9.8","","1954-04-10 00:00:00","",""
"103"," 1953L","05:15:46.52","+71:27:41.62","","","UGC 3267        ","","","","","","","","0","1","","15","","1953-10-14 00:00:00","",""
"102"," 1953K","00:00:00.00","+00:00:00.00","","","IC 4536         ","","","","","","","","0","1","","16","","1953-05-18 00:00:00","",""
"101"," 1953J","00:44:55.66","+16:56:10.79","","","UGC 472         ","","","","","","","","0","1","","17.5","","1953-12-31 00:00:00","",""
"100"," 1953I","00:00:00.00","+00:00:00.00","","","UGC 11915       ","","","","","","","","0","1","","18.5","","1953-08-16 00:00:00","",""
"99"," 1953H","00:00:00.00","+00:00:00.00","","","Anon.           ","","","","","","","","0","1","","17","","1953-03-16 00:00:00","",""
"98"," 1953G","00:00:00.00","+00:00:00.00","","","Anon.           ","","","","","","","","0","1","","16.5","","1953-02-14 00:00:00","",""
"97"," 1953F","00:00:00.00","+00:00:00.00","","","UGC 12711       ","","","","","","","","0","1","","19","","1953-12-07 00:00:00","",""
"96"," 1953E","00:00:00.00","+00:00:00.00","","","UGC 12665       ","","","","","","","","0","1","","19.5","","1953-12-07 00:00:00","",""
"95"," 1953D","00:00:00.00","+00:00:00.00","","","NGC 3200        ","","","","","","","","0","1","","19.5","","1953-03-08 00:00:00","",""
"94"," 1953C","00:00:00.00","+00:00:00.00","","","UGC 11252       ","","","","","","","","0","1","","19","","1953-07-11 00:00:00","",""
"93"," 1953B","00:00:00.00","+00:00:00.00","","","UGC 10349       ","","","","","","","","0","1","","17.5","","1953-05-18 00:00:00","",""
"92"," 1953A","00:00:00.00","+00:00:00.00","","","NGC 3561        ","","","","","","","","0","1","","16","","1953-04-16 00:00:00","",""
"91"," 1952H","00:00:00.00","+00:00:00.00","","","Anon.           ","","","","","","","","0","1","","18.9","","1952-04-22 00:00:00","",""
"90"," 1952G","00:00:00.00","+00:00:00.00","","","NGC 5668        ","","","","","","","","0","1","","17.9","","1952-04-18 00:00:00","",""
"89"," 1952F","00:00:00.00","+00:00:00.00","","","Anon.           ","","","","","","","","0","1","","16.9","","1952-01-30 00:00:00","",""
"88"," 1952E","00:00:00.00","+00:00:00.00","","","Anon.           ","","","","","","","","0","1","","19.8","","1952-04-19 00:00:00","",""
"87"," 1952D","00:00:00.00","+00:00:00.00","","","Anon.           ","","","","","","","","0","1","","19.5","","1952-04-17 00:00:00","",""
"86"," 1952C","00:00:00.00","+00:00:00.00","","","Anon.           ","","","","","","","","0","1","","18.7","","1952-02-01 00:00:00","",""
"85"," 1952B","00:00:00.00","+00:00:00.00","","","Anon.           ","","","","","","","","0","1","","17.8","","1952-01-31 00:00:00","",""
"84"," 1952A","00:00:00.00","+00:00:00.00","","","UGC 1347        ","","","","","","","","0","1","","18.6","","1952-09-14 00:00:00","",""
"83"," 1951J","00:00:00.00","+00:00:00.00","","","UGC 3331        ","","","","","","","","0","1","","17.5","","1951-11-29 00:00:00","",""
"82"," 1951I","00:00:00.00","+00:00:00.00","","","NGC 6181        ","","","","","","","","0","1","","15.7","","0000-00-00 00:00:00","",""
"81"," 1951H","00:00:00.00","+00:00:00.00","","","NGC 5457        ","","","","","","","","0","1","","17.5","","0000-00-00 00:00:00","",""
"80"," 1951G","00:00:00.00","+00:00:00.00","","","Anon.           ","","","","","","","","0","1","","18.8","","1951-08-06 00:00:00","",""
"79"," 1951F","00:00:00.00","+00:00:00.00","","","Anon.           ","","","","","","","","0","1","","17.3","","1951-08-06 00:00:00","",""
"78"," 1951E","00:00:00.00","+00:00:00.00","","","Anon.           ","","","","","","","","0","1","","20","","1951-05-26 00:00:00","",""
"77"," 1951D","00:00:00.00","+00:00:00.00","","","Anon.           ","","","","","","","","0","1","","19.6","","1951-05-03 00:00:00","",""
"76"," 1951C","00:00:00.00","+00:00:00.00","","","Anon.           ","","","","","","","","0","1","","18.2","","1951-02-04 00:00:00","",""
"75"," 1951B","00:00:00.00","+00:00:00.00","","","Anon.           ","","","","","","","","0","1","","18.2","","1951-04-08 00:00:00","",""
"74"," 1951A","00:00:00.00","+00:00:00.00","","","Anon.           ","","","","","","","","0","1","","16.6","","1951-08-08 00:00:00","",""
"73"," 1950O","16:15:09.39","+18:57:14.40","","","Anon.           ","","","","","","","","0","1","","17","","1950-04-18 00:00:00","",""
"72"," 1950N","00:00:00.00","+00:00:00.00","","","Anon.           ","","","","","","","","0","1","","18","","1950-06-19 00:00:00","",""
"71"," 1950M","00:00:00.00","+00:00:00.00","","","NGC 3266        ","","","","","","","","0","1","","14.5","","1950-03-19 00:00:00","",""
"70"," 1950L","00:00:00.00","+00:00:00.00","","","Anon.           ","","","","","","","","0","1","","19.9","","1950-05-16 00:00:00","",""
"69"," 1950K","00:00:00.00","+00:00:00.00","","","Anon.           ","","","","","","","","0","1","","20","","1950-04-20 00:00:00","",""
"68"," 1950J","00:00:00.00","+00:00:00.00","","","Anon.           ","","","","","","","","0","1","","20.3","","1950-04-20 00:00:00","",""
"67"," 1950I","00:00:00.00","+00:00:00.00","","","Anon.           ","","","","","","","","0","1","","20.2","","1950-04-20 00:00:00","",""
"66"," 1950H","00:00:00.00","+00:00:00.00","","","NGC 5857        ","","","","","","","","0","1","","18.1","","1950-03-17 00:00:00","",""
"65"," 1950G","00:00:00.00","+00:00:00.00","","","Anon.           ","","","","","","","","0","1","","18.3","","1950-02-19 00:00:00","",""
"64"," 1950F","00:00:00.00","+00:00:00.00","","","UGC 8995        ","","","","","","","","0","1","","16.2","","1950-02-18 00:00:00","",""
"63"," 1950E","00:00:00.00","+00:00:00.00","","","Anon.           ","","","","","","","","0","1","","0","","0000-00-00 00:00:00","",""
"62"," 1950D","00:00:00.00","+00:00:00.00","","","Anon.           ","","","","","","","","0","1","","16.6","","1950-03-22 00:00:00","",""
"61"," 1950C","00:00:00.00","+00:00:00.00","","","NGC 5033        ","","","","","","","","0","1","","18.2","","1950-05-14 00:00:00","",""
"60"," 1950B","00:00:00.00","+00:00:00.00","","","NGC 5236        ","","","","","","","","0","1","","14.5","","1950-03-15 00:00:00","",""
"59"," 1950A","00:00:00.00","+00:00:00.00","","","IC 4051         ","","","","","","","","0","1","","17.7","","1950-03-20 00:00:00","",""
"58","SN 1948B","00:00:00.00","+00:00:00.00","SN II","","NGC 6946        ","","","","","","","","0","1","","14.9","","1948-07-06 00:00:00","",""
"57"," 1948A","00:00:00.00","+00:00:00.00","","","NGC 4699        ","","","","","","","","0","1","","17","","1948-03-05 00:00:00","",""
"56"," 1947A","00:00:00.00","+00:00:00.00","","","NGC 3177        ","","","","","","","","0","1","","16.5","","1947-03-15 00:00:00","",""
"55"," 1946B","00:00:00.00","+00:00:00.00","","","NGC 4632        ","","","","","","","","0","1","","15.7","","0000-00-00 00:00:00","",""
"54"," 1946A","00:00:00.00","+00:00:00.00","","","NGC 3977        ","","","","","","","","0","1","","18","","0000-00-00 00:00:00","",""
"53"," 1945B","00:00:00.00","+00:00:00.00","","","NGC 5236        ","","","","","","","","0","1","","14.2","","1945-07-13 00:00:00","",""
"52"," 1945A","00:00:00.00","+00:00:00.00","","","NGC 5195        ","","","","","","","","0","1","","14","","1945-04-08 00:00:00","",""
"51"," 1941C","00:00:00.00","+00:00:00.00","","","NGC 4136        ","","","","","","","","0","1","","16.8","","1941-04-16 00:00:00","",""
"50"," 1941B","00:00:00.00","+00:00:00.00","","","NGC 3254        ","","","","","","","","0","1","","15.1","","1941-03-28 00:00:00","",""
"49"," 1941A","00:00:00.00","+00:00:00.00","","","NGC 4559        ","","","","","","","","0","1","","13.2","","1941-02-05 00:00:00","",""
"48"," 1940E","00:00:00.00","+00:00:00.00","","","NGC 253         ","","","","","","","","0","1","","14","","1940-11-22 00:00:00","",""
"47"," 1940D","00:00:00.00","+00:00:00.00","","","NGC 4545        ","","","","","","","","0","1","","15","","1940-07-25 00:00:00","",""
"46"," 1940C","00:00:00.00","+00:00:00.00","","","IC 1099         ","","","","","","","","0","1","","16.3","","1940-05-04 00:00:00","",""
"45"," 1940B","00:00:00.00","+00:00:00.00","","","NGC 4725        ","","","","","","","","0","1","","12.8","","1940-05-05 00:00:00","",""
"44"," 1940A","00:00:00.00","+00:00:00.00","","","NGC 5907        ","","","","","","","","0","1","","14.3","","1940-02-16 00:00:00","",""
"43"," 1939D","00:00:00.00","+00:00:00.00","","","Anon.           ","","","","","","","","0","1","","16","","1939-12-04 00:00:00","",""
"42"," 1939C","00:00:00.00","+00:00:00.00","","","NGC 6946        ","","","","","","","","0","1","","13","","1939-07-17 00:00:00","",""
"41"," 1939B","00:00:00.00","+00:00:00.00","","","NGC 4621        ","","","","","","","","0","1","","11.9","","1939-05-19 00:00:00","",""
"40","SN 1939A","00:00:00.00","+00:00:00.00","SN Ia","","NGC 4636        ","","","","","","","","0","1","","11.9","","1939-01-17 00:00:00","",""
"39"," 1938C","00:00:00.00","+00:00:00.00","","","Anon.           ","","","","","","","","0","1","","17.7","","0000-00-00 00:00:00","",""
"38"," 1938B","00:00:00.00","+00:00:00.00","","","NGC 2672        ","","","","","","","","0","1","","15.5","","0000-00-00 00:00:00","",""
"37"," 1938A","00:00:00.00","+00:00:00.00","","","UGC 2105        ","","","","","","","","0","1","","15.2","","1938-11-17 00:00:00","",""
"36"," 1937F","00:00:00.00","+00:00:00.00","","","NGC 3184        ","","","","","","","","0","1","","13.5","","1937-12-09 00:00:00","",""
"35"," 1937E","00:00:00.00","+00:00:00.00","","","NGC 1482        ","","","","","","","","0","1","","15","","1937-11-26 00:00:00","",""
"34","SN 1937D","00:00:00.00","+00:00:00.00","SN Ia","","NGC 1003        ","","","","","","","","0","1","","12.8","","1937-09-09 00:00:00","",""
"33","SN 1937C","00:00:00.00","+00:00:00.00","SN Ia","","IC 4182         ","","","","","","","","0","1","","8.4","","1937-08-16 00:00:00","",""
"32"," 1937B","00:00:00.00","+00:00:00.00","","","Anon.           ","","","","","","","","0","1","","15.3","","1937-08-26 00:00:00","",""
"31"," 1937A","00:00:00.00","+00:00:00.00","","","NGC 4157        ","","","","","","","","0","1","","16.2","","1937-02-16 00:00:00","",""
"30"," 1936B","00:00:00.00","+00:00:00.00","","","Anon.           ","","","","","","","","0","1","","14","","1936-09-24 00:00:00","",""
"29"," 1936A","00:00:00.00","+00:00:00.00","","","NGC 4273        ","","","","","","","","0","1","","14.4","","1936-01-02 00:00:00","",""
"28"," 1935C","00:00:00.00","+00:00:00.00","","","NGC 1511        ","","","","","","","","0","1","","12.5","","1935-08-16 00:00:00","",""
"27"," 1935B","00:00:00.00","+00:00:00.00","","","NGC 3115        ","","","","","","","","0","1","","0","","0000-00-00 00:00:00","",""
"26"," 1935A","00:00:00.00","+00:00:00.00","","","IC 4652         ","","","","","","","","0","1","","15","","1935-06-05 00:00:00","",""
"25"," 1934A","00:00:00.00","+00:00:00.00","","","IC 4719         ","","","","","","","","0","1","","13.6","","1934-10-03 00:00:00","",""
"24"," 1926B","00:00:00.00","+00:00:00.00","","","NGC 6181        ","","","","","","","","0","1","","14.8","","1926-06-17 00:00:00","",""
"23"," 1926A","00:00:00.00","+00:00:00.00","","","NGC 4303        ","","","","","","","","0","1","","14","","1926-05-09 00:00:00","",""
"22"," 1923A","00:00:00.00","+00:00:00.00","","","NGC 5236        ","","","","","","","","0","1","","14","","1923-05-05 00:00:00","",""
"21"," 1921C","00:00:00.00","+00:00:00.00","","","NGC 3184        ","","","","","","","","0","1","","11","","1921-12-05 00:00:00","",""
"20"," 1921B","00:00:00.00","+00:00:00.00","","","NGC 3184        ","","","","","","","","0","1","","13.5","","1921-04-06 00:00:00","",""
"19"," 1921A","00:00:00.00","+00:00:00.00","","","NGC 4038        ","","","","","","","","0","1","","0","","0000-00-00 00:00:00","",""
"18"," 1920A","00:00:00.00","+00:00:00.00","","","NGC 2608        ","","","","","","","","0","1","","11.8","","1920-01-01 00:00:00","",""
"17"," 1919A","00:00:00.00","+00:00:00.00","","","NGC 4486        ","","","","","","","","0","1","","12.3","","1919-02-24 00:00:00","",""
"16"," 1917A","00:00:00.00","+00:00:00.00","","","NGC 6946        ","","","","","","","","0","1","","14.6","","1917-07-19 00:00:00","",""
"15"," 1916A","00:00:00.00","+00:00:00.00","","","NGC 251         ","","","","","","","","0","1","","0","","0000-00-00 00:00:00","",""
"14"," 1915A","00:00:00.00","+00:00:00.00","","","NGC 4527        ","","","","","","","","0","1","","15.5","","1915-03-20 00:00:00","",""
"13"," 1914A","00:00:00.00","+00:00:00.00","","","NGC 4321        ","","","","","","","","0","1","","15.7","","1914-03-02 00:00:00","",""
"12"," 1912A","00:00:00.00","+00:00:00.00","","","NGC 2841        ","","","","","","","","0","1","","13","","1912-02-19 00:00:00","",""
"11"," 1909A","00:00:00.00","+00:00:00.00","","","NGC 5457        ","","","","","","","","0","1","","12.1","","1909-01-26 00:00:00","",""
"10"," 1907A","00:00:00.00","+00:00:00.00","","","NGC 4674        ","","","","","","","","0","1","","13.5","","1907-05-09 00:00:00","",""
"9"," 1901B","00:00:00.00","+00:00:00.00","","","NGC 4321        ","","","","","","","","0","1","","15.6","","1901-03-17 00:00:00","",""
"8"," 1901A","08:11:15.05","+25:12:30.60","","","NGC 2535        ","","","","","","","","0","1","","14.7","","1901-01-10 00:00:00","",""
"7"," 1895B","00:00:00.00","+00:00:00.00","","","NGC 5253        ","","","","","","","","0","1","","8","","1895-07-07 00:00:00","",""
"6"," 1895A","00:00:00.00","+00:00:00.00","","","NGC 4424        ","","","","","","","","0","1","","12.5","","1895-03-16 00:00:00","",""
"5"," 1885A","00:00:00.00","+00:00:00.00","","","NGC 224         ","","","","","","","","0","1","","5.8","","1885-08-17 00:00:00","",""
"4","SN 1604","17:30:38.60","-21:28:52.00","SN I","","Milky Way       ","","","","","","","","0","1","","-3","","1604-10-09 00:00:00","",""
"3","SN 1572","00:24:48.60","+64:08:48.98","SN I","","Milky Way       ","","","","","","","","0","1","","-4","","1572-11-06 00:00:00","",""
"2","SN 1054","05:34:31.89","+22:00:51.98","SN I","","Milky Way       ","","","","","","","","0","1","","-4","","1054-08-27 00:00:00","",""
"1"," 1006","15:16:00.00","-41:54:00.00","","","Milky Way       ","","","","","","","","0","1","","-9","","1006-05-06 00:00:00","",""
"9999","AT 1001A","01:01:01.01","+01:01:01.01","","","","","","","","","","","1","1","","-1.1","Clear-","1001-01-01 01:01:01","Master",""